Extensao,Quantidade,Tamanho[kByte]
.pptx,1,4793.6669921875
.jpeg,4,540.51171875
.pdf,1,1769.6611328125
